{
  "gnb_data": [
    {
      "name": "home",
      "href": "/index.html"
    },
    {
      "name": "component",
      "href": "/component/button.html",
      "depth2": [
        {
          "name": "button",
          "href": "/component/button.html"
        },
        {
          "name": "checkbox",
          "href": "/component/checkbox.html"
        },
        {
          "name": "color",
          "href": "/component/color.html"
        },
        {
          "name": "contents",
          "href": "/component/contents.html"
        },
        {
          "name": "form",
          "href": "/component/form.html"
        },
        {
          "name": "icon",
          "href": "/component/icon.html"
        },
        {
          "name": "input",
          "href": "/component/input.html"
        },
        {
          "name": "radio",
          "href": "/component/radio.html"
        },
        {
          "name": "select",
          "href": "/component/select.html"
        },
        {
          "name": "typo",
          "href": "/component/typo.html"
        }
      ]
    },
    {
      "name": "demo",
      "href": "/demo/index.html"
    },
    {
      "name": "/guide",
      "href": "/guide/index.html",
      "depth2": [
        {
          "name": "guide",
          "href": "/guide/guide.html"
        },
        {
          "name": "lcGuide",
          "href": "/guide/lcGuide.html"
        }
      ]
    }
  ]
}